{
  "type": "minecraft:shearing",
  "pools": [
    {
      "rolls": 1.0,
      "bonus_rolls": 0.0,
      "entries": [
        {
          "type": "minecraft:item",
          "name": "minecraft:orange_wool",
          "functions": [
            {
              "add": false,
              "count": {
                "type": "minecraft:uniform",
                "max": 3.0,
                "min": 1.0
              },
              "function": "minecraft:set_count"
            },
            {
              "function": "minecraft:apply_bonus",
              "enchantment": "minecraft:looting",
              "formula": "minecraft:uniform_bonus_count",
              "parameters": {
                "bonusMultiplier": 3
              }
            }
          ]
        }
      ]
    }
  ],
  "random_sequence": "minecraft:shearing/sheep/orange"
}