{
    "description": {
      "translate": "enchantment.minecraft.infinity"
    },
    "exclusive_set": "#minecraft:exclusive_set/bow",
    "supported_items": [
      "minecraft:bow",
      "minecraft:crossbow"
    ],
    "weight": 1,
    "max_level": 1,
    "min_cost": {
      "base": 20,
      "per_level_above_first": 0
    },
    "max_cost": {
      "base": 50,
      "per_level_above_first": 0
    },
    "anvil_cost": 8,
    "slots": [
      "mainhand"
    ],
    "effects": {
      "minecraft:ammo_use": [
        {
          "effect": {
            "type": "minecraft:set",
            "value": 0
          },
          "requirements": {
            "condition": "minecraft:match_tool",
            "predicate": {
              "items": "minecraft:arrow"
            }
          }
        }
      ]
    }
}
