{
  "type": "minecraft:shearing",
  "pools": [
    {
      "rolls": 1,
      "bonus_rolls": 0,
      "entries": [
        {
          "type": "minecraft:item",
          "name": "minecraft:brown_mushroom",
          "functions": [
            {
              "function": "minecraft:set_count",
              "count": 5
            },
            {
              "function": "minecraft:apply_bonus",
              "enchantment": "minecraft:looting",
              "formula": "minecraft:uniform_bonus_count",
              "parameters": {
                "bonusMultiplier": 5
              }
            }
          ]
        }
      ]
    }
  ],
  "random_sequence": "minecraft:shearing/mooshroom/brown"
}